{"episode":499,"step":99800,"critic loss":2.2192290998646058e-05,"_runtime":200.753595594,"_step":100298,"return":-0.4482647172779828,"_wandb":{"runtime":200},"actor loss":-0.003134100930765271,"_timestamp":1.7472289190715973e+09}