{"step":99800,"episode":499,"_timestamp":1.747228712436976e+09,"_runtime":201.560760771,"return":-1046.3903504095033,"_step":100298,"actor loss":37.04839324951172,"critic loss":3952.71533203125,"_wandb":{"runtime":201}}