{"_wandb":{"runtime":131},"episode":326,"_timestamp":1.747229058229645e+09,"_step":65556,"return":-1453.272268741795,"_runtime":131.823422293,"step":65231,"actor loss":-0.9017277359962463,"critic loss":1.968387246131897}